District,Name,Phone,WhatsApp,Address,Place,Category,Subcategory,Latitude,Longitude,JustDial URL
Alappuzha,B For Bike,+(91)-7947188213,,Court Road Court Road,Court Road,Second Hand Car Dealers,,9.499967958297,76.33382491176,https://www.justdial.com/Alappuzha/B-For-Bike/0477PX477.X477.140627142137.J6B1
Alappuzha,Car Galaxy,+(91)-8128374486,,Nedumbrakkad Cherthala,Cherthala,Second Hand Car Dealers,,9.7013133,76.3474067,https://www.justdial.com/Alappuzha/Car-Galaxy/0477PX477.X477.221017200146.R5X5
Alappuzha,Car Glance,+(91)-8147189152,,Sn Puram Cherthala Cherthala,Cherthala,Second Hand Car Dealers,,9.6871833,76.33051085,https://www.justdial.com/Alappuzha/Car-Glance/0477PX477.X477.210311181824.X3E3
Alappuzha,Gulf Motors,+(91)-9605819346,,Ashramam Road Kommady Ward,Kommady Ward,Second Hand Car Dealers,,9.5178267,76.3312076,https://www.justdial.com/Alappuzha/Gulf-Motors/0477PX477.X477.170225115645.H9F7
Alappuzha,Incheon Kia,+(91)-8111879111,,Nh66 Cheppadu,Cheppadu,Car Dealers,Car Dealers,9.2425625,76.4689375,https://www.justdial.com/Alappuzha/Incheon-Kia/0477PX477.X477.220608235513.C5L7
Alappuzha,Indus Motors,+(91)-9745998005,,Kottukulangara Kareelakulangara,Kareelakulangara,Car Dealers,,9.1953887,76.4862597,https://www.justdial.com/Alappuzha/Indus-Motors/0477PX477.X477.181113161703.E5P2
Alappuzha,Indus Motors Alappuzha (Maruthi Suzuki Arena),+(91)-8460458809,,Kanjikuzhi Kanichukulangara,Kanichukulangara,Car Dealers,Car Dealers,9.839783,76.294119,https://www.justdial.com/Alappuzha/Indus-Motors-Alappuzha-(Maruthi-Suzuki-Arena)/0477PX477.X477.230721145550.H8T5
Alappuzha,Maruti True Value Cherthala,+(91)-9747535399,,Ward 1 Mararikulam,Mararikulam,Second Hand Car Dealers,,9.4584907,76.3347838,https://www.justdial.com/Alappuzha/Maruti-True-Value-Cherthala/0477PX477.X477.171130121723.N6T6
Alappuzha,Nexa Cherthala,+(91)-8050876194,,Ac Road Cherthala,Cherthala,Car Dealers,Car Dealers,9.678059799722,76.340829099722,https://www.justdial.com/Alappuzha/Nexa-Cherthala/0477PX477.X477.200909211025.W5F9
Alappuzha,Playstore Gifts and Toys,+(91)-9947909599,,Thirivizha Cherthala,Cherthala,Toy Car Dealers,Toy Car Dealers,9.689032,76.326088,https://www.justdial.com/Alappuzha/Playstore-Gifts-and-Toys/0477PX477.X477.191119192357.S2F5
Alappuzha,Quality Cars,+(91)-8971759129,,Cherthala,Cherthala,Second Hand Car Dealers,,9.68258475,76.343345638889,https://www.justdial.com/Alappuzha/Quality-Cars/0477PX477.X477.241116122037.F7P7
Alappuzha,Renault Alappuzha,+(91)-8111889727,,NH Punnapra North,Punnapra North,Car Dealers,Car Dealers,9.4486913,76.3422989,https://www.justdial.com/Alappuzha/Renault-Alappuzha/0477PX477.X477.220205215522.S9L7
Alappuzha,S S Hyundai (Service Centre),+(91)-9539012100,,Mavelikara,Mavelikara,Car Dealers,Car Dealers,9.2556111,76.5398595,https://www.justdial.com/Alappuzha/S-S-Hyundai-(Service-Centre)/0477PX481.X481.110327141233.G2I3DC
Alappuzha,Sai Services Pvt Ltd,+(91)-9288024220,,M C Road Chengannur,Chengannur,Car Dealers,Car Dealers,9.323106,76.609564,https://www.justdial.com/Alappuzha/Sai-Services-Pvt-Ltd/0477PX477.X477.220321232859.Q1S1
Alappuzha,Shah Motors Multi Branded Used Car Showroom,+(91)-9061994777,,National Highway Road Kayamkulam,Kayamkulam,Second Hand Car Dealers,,9.1644512,76.5026475,https://www.justdial.com/Alappuzha/Shah-Motors-Multi-Branded-Used-Car-Showroom/0477PX477.X477.210226175713.R8Z6
Alappuzha,Sleeba & Sons Motor,+(91)-9633235555,,Cherthala Mayithara Market,Mayithara Market,Car Dealers,Car Dealers,9.655495,76.337141,https://www.justdial.com/Alappuzha/Sleeba-&-Sons-Motor/0477PX477.X477.251224191232.T6P5
All,Aher Autoprime LLP,+(91)-9702919919,,Kalyan Murbad Road Kalyan West,Kalyan West,Car Dealers-Maruti Suzuki,Car Dealers-Maruti Suzuki,19.24147,73.147637,https://www.justdial.com/All/Aher-Autoprime-LLP/022PXX22.XX22.170919084026.A3E6
All,Fortpoint Automotive Car Pvt Ltd,+(91)-9036667136,,Dr.Anandrao Nair Marg Lal Baug,Lal Baug,Car Dealers-Maruti Suzuki (Authorised),Car Dealers-Maruti Suzuki (Authorised),18.9855139,72.8361689,https://www.justdial.com/All/Fortpoint-Automotive-Car-Pvt-Ltd/022PD001262
All,Fortpoint Automotive Pvt Ltd,+(91)-9036693245,,Ghodbunder Road Sandoz Baug,Sandoz Baug,Car Dealers-Maruti Suzuki (Authorised),Car Dealers-Maruti Suzuki (Authorised),19.224428,72.977328,https://www.justdial.com/All/Fortpoint-Automotive-Pvt-Ltd/022PS000545
All,Sai Services Pvt Ltd,,,Link Road Kandivali West,Kandivali West,Car Dealers,Car Dealers,19.2032159,72.8423357,https://www.justdial.com/All/Sai-Services-Pvt-Ltd/022PXX22.XX22.230210042900.B9R7
All,Shivam Auto India Pvt Ltd,+(91)-9664393939,,Boisar Chiller Road Boisar,Boisar,Car Dealers-Maruti Suzuki,Car Dealers-Maruti Suzuki,19.7848318,72.7764425,https://www.justdial.com/All/Shivam-Auto-India-Pvt-Ltd/022PXX22.XX22.170627160113.Q6U5
All,True Value - Excell Autovista Pvt Ltd,+(91)-9209200071,,Mumbai Pune Kharghar Sector 10,Kharghar Sector 10,Second Hand Car Dealers-Maruti Suzuki,Second Hand Car Dealers-Maruti Suzuki,19.0375602,73.0748715,https://www.justdial.com/All/True-Value---Excell-Autovista-Pvt-Ltd/022PXX22.XX22.121025132517.V9M8
All,Velox Motors,+(91)-9111949494,,Bahadur Shastri Road Mulund West,Mulund West,Car Dealers-Maruti Suzuki,Car Dealers-Maruti Suzuki,19.1803106,72.9462747,https://www.justdial.com/All/Velox-Motors/022PXX22.XX22.180404212553.B4H5
Banswara,Force Motor,+(91)-9833410245,,"Mumbai,Dombivli East",Dombivli East,Car Dealers,,19.2175003,73.1166003,https://www.justdial.com/Banswara/Force-Motor/022PXX22.XX22.221208030932.D2U1
Banswara,Naik Engineering,+(91)-9825398623,,"Navsari,Sugar Factory",Sugar Factory,Car Dealers,,20.8111701479,73.0006083704,https://www.justdial.com/Banswara/Naik-Engineering/9999P2637.2637.210412171731.S4B1
Baran,Bhatia & Company,+(91)-8929075299,,Atru Road Krishi Upaj Mandi,Krishi Upaj Mandi,Car Dealers,,25.0893688,76.522385,https://www.justdial.com/Baran/Bhatia-&-Company/9999P7452.7452.161219095628.G5M1
Baran,Rohit Force,+(91)-9718500555,,"Delhi,Mathura Road Faridabad",Mathura Road Faridabad,Car Dealers,,28.42634,77.309592,https://www.justdial.com/Baran/Rohit-Force/011PXX11.XX11.130810172059.U9T8
Bhilwara,Hari Om Force,,,"Ambala,Jagadhari Road",Jagadhari Road,Car Dealers,,30.33823707,76.86844506,https://www.justdial.com/Bhilwara/Hari-Om-Force/9999PX171.X171.170605233738.W8I1
Bhilwara,Shree Force,+(91)-9672999916,,"Sri Ganganagar-rajasthan,Natewala",Natewala,Car Dealers-Force,,29.8451106,73.8757877,https://www.justdial.com/Bhilwara/Shree-Force/9999PX154.X154.171203161700.G9J3
Dakshina Kannada,JANAPRIYA TOURS AND TRAVELS,7041458802,,"Mangalore,Kankanady, mangalore",Mangaluru,Second Hand Car Dealers,,12.868539300000,74.859466600000,https://www.justdial.com/Thiruvananthapuram/JANAPRIYA-TOURS-AND-TRAVELS
Ernakulam,CARS24,+(91)-8123885948,,Block Office Rd Kakkanad,Kakkanad,Second Hand Car Dealers,,10.013205555556,76.352838888889,https://www.justdial.com/Ernakulam/CARS24/0484PX484.X484.230616145039.E6Y2
Ernakulam,Evm Autodrome,+(91)-7511135888,,2/4 Cd Service Road Maradu,Maradu,Second Hand Car Dealers,,9.948948,76.3186598,https://www.justdial.com/Ernakulam/Evm-Autodrome/0484PX484.X484.190814023136.L4N8
Ernakulam,Incheon Kia,+(91)-7948220596,,Nethaji Nagar,Nethaji Nagar,Car Dealers,Car Dealers,10.0317483,76.3087282,https://www.justdial.com/Ernakulam/Incheon-Kia/0484PX484.X484.230610022711.R7B3
Ernakulam,Kairali Ford,+(91)-9072619234,,Terminal Road Cheranallur,Cheranallur,Car Dealers-Ford,,10.0548917,76.283514,https://www.justdial.com/Ernakulam/Kairali-Ford/0484PX484.X484.170810193001.M7A7
Ernakulam,Kartrenz,+(91)-8867893779,,THIRUVANKULAM ROAD Thiruvamkulam,Thiruvamkulam,Second Hand Car Dealers,Second Hand Car Dealers,9.944794444444,76.371216666667,https://www.justdial.com/Ernakulam/Kartrenz/0484PX484.X484.211202160519.T8T5
Ernakulam,Kerala Cars,+(91)-8904939426,,MC Road Pulluvazhi,Pulluvazhi,Second Hand Car Dealers,,10.084685,76.505435,https://www.justdial.com/Ernakulam/Kerala-Cars/0484PX484.X484.240522211734.M4F3
Ernakulam,MOTORY MGF,+(91)-8460425009,,Building NH 47 Desom,Desom,Second Hand Car Dealers,,10.130147222222,76.349302777778,https://www.justdial.com/Ernakulam/MOTORY-MGF/0484PX484.X484.230210044014.N9M5
Ernakulam,My car.In,+(91)-9539988877,,Mekkadampu Ernakulam Mekkadambu,Mekkadambu,Second Hand Car Dealers,,9.974538888889,76.545716666667,https://www.justdial.com/Ernakulam/My-car.In/0484PX484.X484.201026145939.X6P9
Ernakulam,Nexus Motors,+(91)-8943332444,,MC Road Perumbavoor,Perumbavoor,Second Hand Car Dealers-Hyundai,,10.1057292,76.4824928,https://www.justdial.com/Ernakulam/Nexus-Motors/0484PX484.X484.200319123220.M5Y8
Ernakulam,Nippon Toyota,+(91)-9744712345,,NH 47 Kalamassery,Kalamassery,Car Dealers-Toyota,Car Dealers-Toyota,10.053939,76.321206,https://www.justdial.com/Ernakulam/Nippon-Toyota/0484PX484.X484.131130122243.H1I6
Ernakulam,Popular Hyundai,+(91)-8138094446,,National Highway 49 Puthuppady,Puthuppady,Second Hand Car Dealers,,10.0111388,76.6037222,https://www.justdial.com/Ernakulam/Popular-Hyundai/0484PX484.X484.260630122045.K9V8
Ernakulam,Popular Motor Corporation (Corporate Office),+(91)-9895956565,,NH Bye Pass Vyttila,Vyttila,Car Dealers,Car Dealers,9.9833313,76.3169729,https://www.justdial.com/Ernakulam/Popular-Motor-Corporation-(Corporate-Office)/0484PX484.X484.000528369377.W1V8
Ernakulam,PPS Hyundai,+(91)-7815956903,,NH 47 Kalamassery,Kalamassery,Car Dealers,,10.0419923,76.3171263,https://www.justdial.com/Ernakulam/PPS-Hyundai/0484PX484.X484.220216130528.Q4S7
Ernakulam,Renault Kochi,+(91)-8527237883,,- Kochi Highway Kochi University,Kochi University,Car Dealers-Renault,Car Dealers-Renault,10.0507545,76.319871,https://www.justdial.com/Ernakulam/Renault-Kochi/0484PX484.X484.131025095140.V8R6
Ernakulam,Renjith K,+(91)-9355188585,,Post Thrikkakara,Thrikkakara,Second Hand Car Dealers,,10.0280354,76.3421782,https://www.justdial.com/Ernakulam/Renjith-K/0484PX484.X484.230412120304.E9C4
Ernakulam,Spinny Car Hub,+(91)-7277277275,,NH-47 Bypass Maradu Maradu,Maradu,Second Hand Car Dealers,,9.9461567,76.3192368,https://www.justdial.com/Ernakulam/Spinny-Car-Hub/0484PX484.X484.221216154011.V3W6
Ernakulam,TATA Motors Showroom,+(91)-8111991705,,Muvattupuzha Pothanicaud,Pothanicaud,Car Dealers,Car Dealers,10.006303,76.6779792,https://www.justdial.com/Ernakulam/TATA-Motors-Showroom/0484PX484.X484.241120144526.Z7D5
Ernakulam,Vision Honda,+(91)-9972813170,,NH 47 Bypass Palarivattom,Palarivattom,Car Dealers,Car Dealers,10.0059984,76.3131907,https://www.justdial.com/Ernakulam/Vision-Honda/0484PX484.X484.160406141725.X3J8
Ernakulam,Vision Motors,+(91)-9167739975,,NH 66 Kunnathery,Kunnathery,Car Dealers,,10.0773028,76.3378178,https://www.justdial.com/Ernakulam/Vision-Motors/0484PX484.X484.220816002507.F3J3
Ernakulam,Your Choice Pre-Owned Cars,+(91)-9995802202,,KK Road Kathrikadavu,Kathrikadavu,Second Hand Car Dealers,Second Hand Car Dealers,9.9842964,76.2953258,https://www.justdial.com/Ernakulam/Your-Choice-Pre-Owned-Cars/0484PX484.X484.230128174035.V1M5
Idukki,Atul Auto Ltd,+(91)-9513763187,,Muvattupuzha Road Thodupuzha,Thodupuzha,Second Hand Car Dealers,,9.908012,76.704667,https://www.justdial.com/Idukki/Atul-Auto-Ltd/9999P4863.4863.161027100815.H2H7
Idukki,Kattappana Cars,+(91)-9349677777,,SCHOOL KATTAPPANA Kattappana,Kattappana,Second Hand Car Dealers,,9.7503052,77.1089323,https://www.justdial.com/Idukki/Kattappana-Cars/9999P4863.4863.241113200436.P8U8
Idukki,Kohinoor Motor Company,,,Thodupuzha Vengallur,Vengallur,Second Hand Car Dealers,Second Hand Car Dealers,9.9121567,76.703831,https://www.justdial.com/Idukki/Kohinoor-Motor-Company/9999P4863.4863.250903064901.Y5T1
Idukki,Malayalam Ford,+(91)-9072588919,,Bypass Road Thodupuzha,Thodupuzha,Car Dealers-Ford,,9.9072268,76.7086673,https://www.justdial.com/Idukki/Malayalam-Ford/9999P4863.4863.170413172051.J7Z7
Idukki,My Carnations,+(91)-7025752106,,Municipal Complex Kattappana,Kattappana,Second Hand Car Dealers,,9.75140475,77.109222388889,https://www.justdial.com/Idukki/My-Carnations/9999P4863.4863.171201150154.W1W1
Idukki,Padma Force,+(91)-9688866684,,"Tiruvannamalai,Kilnathur",Kilnathur,Car Dealers,,12.2637781,79.0851226,https://www.justdial.com/Idukki/Padma-Force/9999P4175.4175.150908112437.K2P3
Idukki,Peninsular Honda,+(91)-8657588989,,Bypass Road Mangattukavala,Mangattukavala,Car Dealers-Honda,,9.9078551,76.7207319,https://www.justdial.com/Idukki/Peninsular-Honda/9999P4863.4863.191112232324.Q7B2
Idukki,Popular Hyundai,+(91)-8129998208,,Munnar Road Kumily,Kumily,Car Dealers-Hyundai,Car Dealers-Hyundai,9.6171278,77.1555287,https://www.justdial.com/Idukki/Popular-Hyundai/9999P4863.4863.131216173213.Q8B5
Idukki,Popular Vehicle & Services Ltd,+(91)-9846027990,,Thekkekuttu Building Kattappana,Kattappana,Car Dealers-Maruti Suzuki (Authorised),,9.7579567,77.1155658,https://www.justdial.com/Idukki/Popular-Vehicle-&-Services-Ltd/9999P4863.4863.140626082456.K9A1
Idukki,Popular Vehicles And Services Pvt Ltd,+(91)-9072530121,,Mangattukavala Thodupuzha,Thodupuzha,Car Dealers,Car Dealers,9.908366,76.7204308,https://www.justdial.com/Idukki/Popular-Vehicles-And-Services-Pvt-Ltd/9999P4863.4863.180424125637.J2F7
Idukki,R F Motors Pvt Ltd,+(91)-8879213934,,Achankavala Thodupuzha,Thodupuzha,Car Dealers-Tata,,9.908154,76.720651,https://www.justdial.com/Idukki/R-F-Motors-Pvt-Ltd/9999PMULBLRSTD1009236
Idukki,Renualt Kattapana Service,,,By Pass Road Kattappana,Kattappana,Car Dealers,Car Dealers,9.752371,77.1133068,https://www.justdial.com/Idukki/Renualt-Kattapana-Service/9999P4863.4863.221123203516.F9E2
Idukki,Royal Cars,+(91)-9447051500,,K K R Junction Thodupuzha,Thodupuzha,Second Hand Car Dealers,,9.9008488,76.7222919,https://www.justdial.com/Idukki/Royal-Cars/9999P4863.4863.171202225900.Y6D8
Idukki,Suvetha Force,+(91)-9443134474,,"Nagercoil,Vetturnimadam",Vetturnimadam,Car Dealers,,8.1894586,77.4096643,https://www.justdial.com/Idukki/Suvetha-Force/9999P4652.4652.130405145924.J3V5
kannur,Apco Hyundai,+(91)-8606100511,,Thazhe Chovva Road Thottada,Thottada,Car Dealers-Hyundai,Car Dealers-Hyundai,11.853159805556,75.414363,https://www.justdial.com/kannur/Apco-Hyundai/9999PX497.X497.160927190019.U6U4
kannur,Dkh Kia Motors,+(91)-9207624000,,Kairali Nagar Thottada,Thottada,Car Dealers,Car Dealers,11.8490976,75.4181066,https://www.justdial.com/kannur/Dkh-Kia-Motors/9999PX497.X497.191229003235.Y2H8
kannur,Hyundai Payyanur,+(91)-8401797528,,KANDOTH Payyanur,Payyanur,Car Dealers,Car Dealers,12.101712,75.22915,https://www.justdial.com/kannur/Hyundai-Payyanur/9999PX497.X497.180531145006.R6G9
kannur,NEXA Kozhikode,+(91)-7383439052,,Kannur District Hospital,Kannur District Hospital,Car Dealers,Car Dealers,11.861016666667,75.370722222222,https://www.justdial.com/kannur/NEXA-Kozhikode/9999PX497.X497.240807190858.Y8Y2
kannur,Renault Kannur,+(91)-8527237859,,Edakkad Village Thottada,Thottada,Car Dealers,Car Dealers,11.845596,75.417439,https://www.justdial.com/kannur/Renault-Kannur/9999PX497.X497.140524093248.P5T5
kannur,Renault Kannur Sales,+(91)-8111889311,,Thottada,Thottada,Car Dealers,Car Dealers,11.8506332,75.415352797222,https://www.justdial.com/kannur/Renault-Kannur-Sales/9999PX497.X497.180424053329.R3G8
kannur,Tata Motors Showroom,+(91)-9746476001,,Nadal Kizhunna,Kizhunna,Car Dealers-Tata,Car Dealers-Tata,11.832777777778,75.426388888889,https://www.justdial.com/kannur/Tata-Motors-Showroom/9999PX497.X497.1237182515K3N5W2.DC
Kannur,Asr Cars,+(91)-9388500466,,Court Road Thalassery Courts,Thalassery Courts,Second Hand Car Dealers,,11.754166666667,75.483888888889,https://www.justdial.com/Kannur/Asr-Cars/9999PX490.X490.110223201008.R7W2
Kannur,Asr Motors,+(91)-8593881113,,"Kannur,Palissery",Palissery,Second Hand Car Dealers,,11.75411,75.483982,https://www.justdial.com/Kannur/Asr-Motors/9999PX497.X497.171224200535.J9F4
Kannur,Car Tek Automobiles,,,"Kannur,Meethal Puthukkudi",Meethal Puthukkudi,Second Hand Car Dealers,,11.7402506,75.5690238,https://www.justdial.com/Kannur/Car-Tek-Automobiles/9999PX497.X497.170605145924.N6S1
Kannur,Har Auto Pvt Ltd,7947190594,,"Kannothumchal Chovva, Kannur","Elayavoor, Melechovva",Car Dealers,,11.871850000000,75.398896000000,https://www.justdial.com/Kannur/Har-Auto-Pvt-Ltd
Kannur,Indus Motors,+(91)-9847000000,,Chalil,Chalil,Car Dealers,,11.738415,75.5000904,https://www.justdial.com/Kannur/Indus-Motors/9999PX497.X497.220311010710.W7X9
Kannur,Kannur Platinum Drive LLP,+(91)-9054895571,,Thottada,Thottada,Second Hand Car Dealers,,11.8559943,75.4133658,https://www.justdial.com/Kannur/Kannur-Platinum-Drive-LLP/9999PX497.X497.220602130935.N1H4
Kannur,Kvr Bajaj Automobiles,+(91)-7219821111,,Nh 17 Manna Road,Manna Road,Car Dealers,Car Dealers,12.0350799,75.3614964,https://www.justdial.com/Kannur/Kvr-Bajaj-Automobiles/9999PX497.X497.180810121614.G5A4
Kannur,Madeena Car Accessories&Toys Bicycles,+(91)-9448906631,,"Kozhikode,Arangadath",Arangadath,Car Dealers,Car Dealers,11.4261919,75.7057669,https://www.justdial.com/Kannur/Madeena-Car-Accessories&Toys-Bicycles/0495PX495.X495.230309113731.W8I8
Kannur,Mahindra Eram Motors Pvt Ltd,+(91)-9388392259,,Chovva Road Katalayi,Katalayi,Car Dealers,,11.8286969,75.4278728,https://www.justdial.com/Kannur/Mahindra-Eram-Motors-Pvt-Ltd/9999PX497.X497.180328203039.E9B9
Kannur,Mahindras First Choice Autobot,+(91)-8296100121,,Edakkad Etakkad,Etakkad,Second Hand Car Dealers,,11.821316666667,75.438977777778,https://www.justdial.com/Kannur/Mahindras-First-Choice-Autobot/9999PX497.X497.220419164558.T9E2
Kannur,Maruti Suzuki Arena,+(91)-9289311487,,Pallikunnu,Pallikunnu,Car Dealers,Car Dealers,11.8931933,75.3684425,https://www.justdial.com/Kannur/Maruti-Suzuki-Arena/9999PX497.X497.220612232555.W1T1
Kannur,Marvel Motors,+(91)-9072145840,,"Kannur,Peralassery",Peralassery,Second Hand Car Dealers,,11.8244091,75.5135913,https://www.justdial.com/Kannur/Marvel-Motors/9999PX497.X497.250806131732.Q2Y9
Kannur,Nextdrive Used Cars,+(91)-7383148655,,Nh 47 Pariyaram Kannur,Pariyaram Kannur,Second Hand Car Dealers,,12.0611532,75.3358571,https://www.justdial.com/Kannur/Nextdrive-Used-Cars/9999PX497.X497.181229195342.W3Q7
Kannur,Peeyem Hyundai,+(91)-8447228019,,Kandoth Payyanur,Payyanur,Car Dealers,,12.116275099117,75.217522764649,https://www.justdial.com/Kannur/Peeyem-Hyundai/9999PX497.X497.170622145947.G1G9
Kannur,Phoenix Cars India Pvt Ltd,08606900910,,"Chala By-Pass Chala East, Kannur","Elayavoor, Thottada",Car Dealers,,11.829370000000,75.432215000000,https://www.justdial.com/Kannur/Phoenix-Cars-India-Pvt-Ltd
Kannur,Renault Payyannur,+(91)-8448481314,,N H Kandoth Payyanur,Payyanur,Car Dealers,,12.1177403,75.2172431,https://www.justdial.com/Kannur/Renault-Payyannur/9999PX497.X497.181219131614.E1I4
Kannur,Tellicherry Used Car,+(91)-9847025350,,Goods Shed Road Thalassery Bazar,Thalassery Bazar,Second Hand Car Dealers,,11.753605555556,75.491288888889,https://www.justdial.com/Kannur/Tellicherry-Used-Car/9999PX490.X490.171206123255.H6B7
Kannur,True Value,,,Chonadam,Chonadam,Second Hand Car Dealers-Maruti Suzuki,,11.7607097,75.4922478,https://www.justdial.com/Kannur/True-Value/9999PX490.X490.241225231125.V2U3
Kannur,Yezdi Used Cars,,,Kuthuparamba,Kuthuparamba,Second Hand Car Dealers,,11.845577,75.541765,https://www.justdial.com/Kannur/Yezdi-Used-Cars/9999PX490.X490.250320222115.L1M5
Kasaragod,Apco Hyundai,+(91)-9072210110,,NH 17 Arangadi,Arangadi,Car Dealers-Hyundai,Car Dealers-Hyundai,12.3005312,75.1049463,https://www.justdial.com/Kasaragod/Apco-Hyundai/9999P4994.4994.170606205458.S9I1
Kasaragod,Auto Flex,+(91)-8792790566,,Chengala,Chengala,Car Dealers,Car Dealers,12.510667003557,75.069402452259,https://www.justdial.com/Kasaragod/Auto-Flex/9999P4994.4994.240721085214.J5G2
Kasaragod,Dkh Kia Kasaragod,09947445566,,"Kasaragod,Karandakkad, kasaragod",Panalam,Car Dealers,,12.511135900000,75.032501100000,https://www.justdial.com/Mumbai/Dkh-Kia-Kasaragod
Kasaragod,Eram Motors,+(91)-9388396274,,Chengala,Chengala,Car Dealers-Mahindra,Car Dealers-Mahindra,12.5098038,75.0406952,https://www.justdial.com/Kasaragod/Eram-Motors/9999P4994.4994.170523190655.E5D7
Kasaragod,Indus Motors - True Value - Kanhangad,,,Bustand Road Chengala,Chengala,Second Hand Car Dealers,,12.5098424,75.0410456,https://www.justdial.com/Kasaragod/Indus-Motors---True-Value---Kanhangad/9999P4994.4994.230112015300.C6J7
Kasaragod,Indus Motors maruti suzuki areena showroom,+(91)-9745997212,,Anandas Asramam Kanhangad,Kanhangad,Second Hand Car Dealers-Maruti Suzuki SX4,,12.3153232,75.0905228,https://www.justdial.com/Kasaragod/Indus-Motors-maruti-suzuki-areena-showroom/9999P4994.4994.180924112313.Q7Y6
Kasaragod,Indus Motors-True Value-Kasargod,+(91)-9747556967,,Citizen Nagar Chengala,Chengala,Second Hand Car Dealers,,12.5098424,75.0410456,https://www.justdial.com/Kasaragod/Indus-Motors-True-Value-Kasargod/9999P4994.4994.221225020629.I8A6
Kasaragod,K V R Cars,+(91)-9747021227,,Vidya Nagar Post Vidyanagar,Vidyanagar,Car Dealers-Maruti Suzuki,,12.5176041,75.0141335,https://www.justdial.com/Kasaragod/K-V-R-Cars/9999P4994.4994.140408120532.R9X2
Kasaragod,KVR Cars (Nexa Repair and Service),+(91)-9895991000,,PO Kasargod NH Vidyanagar,Vidyanagar,Car Dealers-Maruti Suzuki XL6,Car Dealers-Maruti Suzuki XL6,12.513619,75.027121,https://www.justdial.com/Kasaragod/KVR-Cars-(Nexa-Repair-and-Service)/9999P4994.4994.140606121851.W7R4
Kasaragod,M. K Kulai,+(91)-8511913154,,"Mangalore,Kulai",Kulai,Second Hand Car Dealers-Honda,,12.971680555556,74.809852777778,https://www.justdial.com/Kasaragod/M.-K-Kulai/0824PX824.X824.170603183855.Z1C4
Kasaragod,Mangalore Force Showroom,+(91)-7947196671,,"Udupi,Santhekatte",Santhekatte,Car Dealers,,13.389153,74.742565,https://www.justdial.com/Kasaragod/Mangalore-Force-Showroom/0820PX820.X820.170606215755.Q1D5
Kasaragod,Popular Vehicles & Services,+(91)-9995177777,,Nattakkal Complex Uppala,Uppala,Car Dealers,,12.6636944,74.9177402,https://www.justdial.com/Kasaragod/Popular-Vehicles-&-Services/9999P4994.4994.170928165809.M2C1
Kasaragod,Popular Vehicles & Services Ltd,+(91)-9946104621,,Mundakulam Chamnad,Chamnad,Car Dealers,,12.4936429,75.0018262,https://www.justdial.com/Kasaragod/Popular-Vehicles-&-Services-Ltd/9999P4994.4994.140626114258.P7Y1
Kasaragod,Tvs Mobility Pvt Ltd,+(91)-8929207298,,Kanhangad,Kanhangad,Car Dealers,Car Dealers,12.2977146,75.1012472,https://www.justdial.com/Kasaragod/Tvs-Mobility-Pvt-Ltd/9999P4994.4994.190624205014.F8I7
Kollam,FOCUS MOTORS - Pre Owned Cars,+(91)-9972247176,,NH Bypass Mylapore Thattamala,Thattamala,Second Hand Car Dealers,,8.8752301,76.6405394,https://www.justdial.com/Kollam/FOCUS-MOTORS---Pre-Owned-Cars/9999PX474.X474.250911160234.H4D5
Kollam,H Promise,+(91)-8129824038,,Palathara Naduvilakara,Naduvilakara,Second Hand Car Dealers,,8.8647509,76.6601795,https://www.justdial.com/Kollam/H-Promise/9999PX474.X474.221122214331.D4R3
Kollam,Muthoot Tata Motors,+(91)-9054892756,,Kottarakkara Kottarakara,Kottarakara,Car Dealers,Car Dealers,8.9943015,76.791686,https://www.justdial.com/Kollam/Muthoot-Tata-Motors/9999PX474.X474.190331195233.E7P5
Kollam,Nexa Service Sarathy Auto Cars,+(91)-9947277765,,BSNL CSC Karunagappally North,Karunagappally North,Car Dealers,Car Dealers,9.0888698,76.5273634,https://www.justdial.com/Kollam/Nexa-Service-Sarathy-Auto-Cars/9999PX474.X474.170602220035.T9J8
Kollam,Panachamoottil Toyota,+(91)-8460211258,,Karikkom,Karikkom,Car Dealers,Car Dealers,8.991682,76.802716,https://www.justdial.com/Kollam/Panachamoottil-Toyota/9999PX474.X474.260129182248.A8U9
Kollam,Popular Vehicles & Services,+(91)-7025903081,,Trivandrum Road Pulamon,Pulamon,Car Dealers,,9.0104636,76.7850177,https://www.justdial.com/Kollam/Popular-Vehicles-&-Services/9999PX474.X474.140630103501.V6S4
Kollam,Pothens Hyundai,+(91)-9724353054,,Milestone Kilikollur Kollam HO,Kollam HO,Car Dealers-Hyundai,Car Dealers-Hyundai,8.896302,76.6075969,https://www.justdial.com/Kollam/Pothens-Hyundai/9999PX474.X474.140724115535.D5U8
Kollam,Renault Kollam,+(91)-8129599388,,Q S Road Kallumthazham,Kallumthazham,Car Dealers,Car Dealers,8.9025753,76.6217594,https://www.justdial.com/Kollam/Renault-Kollam/9999PX474.X474.180701165202.D8D7
Kollam,Sarathy Auto Cars,+(91)-8929230850,,NH 47 Bharanikkavu Temple Road,Bharanikkavu Temple Road,Car Dealers,Car Dealers,8.8757445,76.6195945,https://www.justdial.com/Kollam/Sarathy-Auto-Cars/9999PX474.X474.171205000515.W5C9
Kollam,Sarathy Motors,+(91)-8606240765,,Bharanikkavu Temple Road,Bharanikkavu Temple Road,Second Hand Car Dealers,,8.876296,76.6146163,https://www.justdial.com/Kollam/Sarathy-Motors/9999PX474.X474.180810232451.K4X5
Kollam,True Value,+(91)-8359071818,,Karikkam Road Kottarakara,Kottarakara,Second Hand Car Dealers-Maruti Suzuki,,8.9928781,76.793314,https://www.justdial.com/Kollam/True-Value/9999PX474.X474.171128104821.H1G8
Kollam,True Value - Sarathy Auto Cars,+(91)-9847073365,,Bypass Road Thattamala,Thattamala,Second Hand Car Dealers-Maruti Suzuki,,8.8717819,76.6423968,https://www.justdial.com/Kollam/True-Value---Sarathy-Auto-Cars/9999PX474.X474.230519024042.A3H2
Kottayam,AVG Motors,+(91)-7510272222,,Kottayam Collectorate,Kottayam Collectorate,Car Dealers,,9.5830066,76.5285838,https://www.justdial.com/Kottayam/AVG-Motors/9999PX481.X481.100725205049.G8C1
Kottayam,Avg Motors Pvt Ltd,+(91)-9947013000,,Baker Junction Baker Hill,Baker Hill,Car Dealers,Car Dealers,9.5928515,76.5220791,https://www.justdial.com/Kottayam/Avg-Motors-Pvt-Ltd/9999PMULBLRSTD1000025
Kottayam,Changanacherry Auto Links,+(91)-9980688697,,M.C ROAD Changanacherry,Changanacherry,Second Hand Car Dealers-Chevrolet,,9.452351837453,76.536887930452,https://www.justdial.com/Kottayam/Changanacherry-Auto-Links/9999PX481.X481.160705130643.H4R3
Kottayam,Chinnoos Cars,+(91)-8488069178,,Pala- Kottayam Road Kummannoor,Kummannoor,Second Hand Car Dealers-Ford,,9.6894345,76.6261085,https://www.justdial.com/Kottayam/Chinnoos-Cars/9999PX481.X481.210726124348.X2P7
Kottayam,Evm Nissan,+(91)-8111880790,,Mc Road Thellakom,Thellakom,Car Dealers,Car Dealers,9.6368597,76.5441719,https://www.justdial.com/Kottayam/Evm-Nissan/9999PX481.X481.120913104012.C3B8
Kottayam,H Promise,+(91)-9895705243,,Thellakam Thellakom,Thellakom,Second Hand Car Dealers,,9.6339725,76.5436615,https://www.justdial.com/Kottayam/H-Promise/9999PX481.X481.221119020932.A6J2
Kottayam,Incheon Kia,+(91)-8111879008,,Ettumanoor Road Thellakom,Thellakom,Car Dealers-Kia,Car Dealers-Kia,9.6383173,76.5441912,https://www.justdial.com/Kottayam/Incheon-Kia/9999PX481.X481.190802145904.C2J6
Kottayam,Kairali Ford,+(91)-9961909962,,Sh Nattassery S H Mount,Nattassery S H Mount,Car Dealers-Ford,,9.601328,76.5319339,https://www.justdial.com/Kottayam/Kairali-Ford/9999PX481.X481.181009084325.K8X2
Kottayam,Luxon Tata,+(91)-7511160000,,Kanjirappally Palampra,Palampra,Car Dealers,Car Dealers,9.5620322,76.8130379,https://www.justdial.com/Kottayam/Luxon-Tata/9999PX481.X481.240118023009.N7Z4
Kottayam,Popular Hyundai,+(91)-7356404222,,Adichira Junction Thellakom,Thellakom,Second Hand Car Dealers,,9.6339799,76.5437145,https://www.justdial.com/Kottayam/Popular-Hyundai/9999PX481.X481.180627173937.C4V4
Kottayam,Popular Vehicles & Services,+(91)-8086072463,,Nattassery S H Mount,Nattassery S H Mount,Second Hand Car Dealers,,9.6092652,76.5329099,https://www.justdial.com/Kottayam/Popular-Vehicles-&-Services/9999PX481.X481.160122180043.Z9I2
Kottayam,Popular Vehicles & Services Ltd,+(91)-8086072481,,Paika Road Palai,Palai,Car Dealers,,9.696687,76.6859446,https://www.justdial.com/Kottayam/Popular-Vehicles-&-Services-Ltd/9999PX481.X481.180424103541.A3F4
Kottayam,Renault Nattakom,+(91)-8111995933,,MC Road Nattakom,Nattakom,Car Dealers,Car Dealers,9.5467076,76.5130477,https://www.justdial.com/Kottayam/Renault-Nattakom/9999PX481.X481.181014072730.S8K8
Kottayam,True Value - Popular Vehicles & Services Pvt Ltd,+(91)-9846063013,,Kumaranalloor,Kumaranalloor,Second Hand Car Dealers-Maruti Suzuki,,9.6092483,76.5329477,https://www.justdial.com/Kottayam/True-Value---Popular-Vehicles-&-Services-Pvt-Ltd/9999PX481.X481.230112122518.Q6Y3
Kozhikode,Amana Toyota,+(91)-9895761121,,NH 17 Kolathara,Kolathara,Car Dealers,,11.198916972222,75.817272,https://www.justdial.com/Kozhikode/Amana-Toyota/0495PX495.X495.001177672353.M6Z8
Kozhikode,Apco Hyundai,+(91)-9388338834,,Mini Bypass Road Puthiyara,Puthiyara,Car Dealers-Hyundai,Car Dealers-Hyundai,11.2511886,75.7976314,https://www.justdial.com/Kozhikode/Apco-Hyundai/0495PX495.X495.090911125346.R6Y6DC
Kozhikode,Auto Venture,+(91)-9048859720,,NH 766 Koduvalli,Koduvalli,Second Hand Car Dealers,,11.348889,75.901528,https://www.justdial.com/Kozhikode/Auto-Venture/0495PX495.X495.191226122318.A1N8
Kozhikode,AUTOGEMS,+(91)-8511902637,,KOYILANDY Arangadath,Arangadath,Second Hand Car Dealers,,11.4197937,75.7084959,https://www.justdial.com/Kozhikode/AUTOGEMS/0495PX495.X495.260420071837.P4L7
Kozhikode,Carfin Cars,+(91)-8488905670,,East Nadakkavu Eranhipalam,Eranhipalam,Second Hand Car Dealers-Ford,,11.2604083,75.7915383,https://www.justdial.com/Kozhikode/Carfin-Cars/0495PX495.X495.100717150226.A8V5
Kozhikode,Carino Maruti Suzuki Arena,+(91)-7592898888,,National Highway 66 Pavangad,Pavangad,Car Dealers-Maruti Suzuki (Authorised),Car Dealers-Maruti Suzuki (Authorised),11.3179084,75.7532917,https://www.justdial.com/Kozhikode/Carino-Maruti-Suzuki-Arena/0495PX495.X495.180208074041.N7K7
Kozhikode,KVR HPromise,+(91)-7559999555,,Kozhikode Kerala West Hill,West Hill,Second Hand Car Dealers,,11.2889591,75.7618593,https://www.justdial.com/Kozhikode/KVR-HPromise/0495PX495.X495.220611225918.W3Q6
Kozhikode,KVR Hyundai,+(91)-7947190324,,Kannur Road West Hill,West Hill,Car Dealers,,11.280207,75.770420972222,https://www.justdial.com/Kozhikode/KVR-Hyundai/0495PX495.X495.171101153205.M8U5
Kozhikode,Meracars,+(91)-8460377531,,Kannur Road Athanikkal,Athanikkal,Car Dealers,,11.2975625,75.7636875,https://www.justdial.com/Kozhikode/Meracars/0495PX495.X495.240406062516.G8R1
Kozhikode,Motorwagon,+(91)-8904607882,,Elathur,Elathur,Second Hand Car Dealers,,11.318458555556,75.752746555556,https://www.justdial.com/Kozhikode/Motorwagon/0495PX495.X495.211126142316.T5K6
Kozhikode,Nexa Ramanattukara,+(91)-8105453701,,Chungam Feroke,Feroke,Car Dealers,Car Dealers,11.182294444444,75.847472222222,https://www.justdial.com/Kozhikode/Nexa-Ramanattukara/0495PX495.X495.260304093132.J2U2
Kozhikode,NEXA RAMANATTUKARA AM MOTORS,+(91)-7022123085,,Chungam Road Chungam,Chungam,Car Dealers,Car Dealers,11.18223955645,75.847426099643,https://www.justdial.com/Kozhikode/NEXA-RAMANATTUKARA-AM-MOTORS/0495PX495.X495.250524115542.L4Z5
Kozhikode,Popular Hyundai,+(91)-7994355999,,NH 17 Nallalam,Nallalam,Car Dealers-Hyundai,Car Dealers-Hyundai,11.2107251,75.8068401,https://www.justdial.com/Kozhikode/Popular-Hyundai/0495PX495.X495.130118161336.J5X1
Kozhikode,Services Unlimited,+(91)-9847003011,,Kannur Road Nadakkavu,Nadakkavu,Second Hand Car Dealers-Chevrolet,,11.260272121572,75.77756524086,https://www.justdial.com/Kozhikode/Services-Unlimited/0495PX495.X495.121011124211.Z7Z4
Kozhikode,Star Auto,+(91)-9895427353,,Poonoor,Poonoor,Car Dealers,Car Dealers,11.4352610017,75.9027412772,https://www.justdial.com/Kozhikode/Star-Auto/0495PX495.X495.091118140347.V5M2DC
Malappuram,A M Motors,+(91)-9895951111,,Byepass Road Manjeri,Manjeri,Car Dealers,,11.118937,76.112108,https://www.justdial.com/Malappuram/A-M-Motors/9999PX483.X483.100524151725.C6H3
Malappuram,A M Motors (Nexa Showroom),+(91)-9947172885,,Melmuri,Melmuri,Car Dealers-Maruti Suzuki,Car Dealers-Maruti Suzuki,11.0631855,76.0782601,https://www.justdial.com/Malappuram/A-M-Motors-(Nexa-Showroom)/9999PX483.X483.210925184001.S5V1
Malappuram,Aly Ford,+(91)-7593999939,,Panangagara Ramapuram,Ramapuram,Car Dealers,,10.994994,76.1499733,https://www.justdial.com/Malappuram/Aly-Ford/9999PX483.X483.170930121820.N9R7
Malappuram,CITY USED CARS,+(91)-9724759315,,NH VK PADI- KOLAPPURAM Mampuram,Mampuram,Second Hand Car Dealers,,11.065122950435,75.925946189677,https://www.justdial.com/Malappuram/CITY-USED-CARS/9999PX483.X483.221116143103.S3E6
Malappuram,DKH KIA,+(91)-9947445566,,Ramapuram,Ramapuram,Car Dealers,Car Dealers,10.99745,76.143576,https://www.justdial.com/Malappuram/DKH-KIA/9999PX483.X483.250319095036.R3D8
Malappuram,Evm Automobile,+(91)-8879974776,,School Padi Road Tirurkad,Tirurkad,Car Dealers,Car Dealers,10.990357,76.172585,https://www.justdial.com/Malappuram/Evm-Automobile/9999PX483.X483.191120033539.T7H6
Malappuram,KVR Auto Cars (Nexa Repair and Service),+(91)-8113020076,,Kuthukal Manjeri Kla,Manjeri Kla,Car Dealers,Car Dealers,11.1235964,76.1237489,https://www.justdial.com/Malappuram/KVR-Auto-Cars-(Nexa-Repair-and-Service)/9999PX483.X483.170605152415.T2X9
Malappuram,Kvr Autocars Pvt Ltd,+(91)-8113020106,,Angadipuram Tirurkad,Tirurkad,Car Dealers,Car Dealers,10.9838507,76.1881549,https://www.justdial.com/Malappuram/Kvr-Autocars-Pvt-Ltd/9999PX483.X483.171204220618.T1Y5
Malappuram,Kvr Automall P Ltd (Nexa Showroom),+(91)-8606997000,,Calicut Highway Angadipuram,Angadipuram,Car Dealers-Maruti Suzuki,Car Dealers-Maruti Suzuki,10.9770183,76.2199479,https://www.justdial.com/Malappuram/Kvr-Automall-P-Ltd-(Nexa-Showroom)/9999PX483.X483.180604112152.U7W4
Malappuram,Kvr Automotive Pvt Ltd,,,Konompara Muttipadi,Muttipadi,Car Dealers,Car Dealers,11.06469,76.078038,https://www.justdial.com/Malappuram/Kvr-Automotive-Pvt-Ltd/9999PX483.X483.240603120534.W3L5
Malappuram,MANUS CAR WORLD,+(91)-8401880195,,Valluvambram Valluvambram,Valluvambram,Second Hand Car Dealers,,11.127114929269,76.044416371804,https://www.justdial.com/Malappuram/MANUS-CAR-WORLD/9999PX483.X483.240120121329.Z4F4
Malappuram,MR Auto Consultant,+(91)-9995752663,,Vailathur Road Tanalur Tanalur,Tanalur,Second Hand Car Dealers,Second Hand Car Dealers,10.9522454,75.9179305,https://www.justdial.com/Malappuram/MR-Auto-Consultant/9999PX483.X483.240326122305.R5I1
Malappuram,Phoenix Cars India Pvt Ltd,+(91)-9207722010,,Perinthalmanna Road Kottilangadi,Kottilangadi,Car Dealers-Volkswagen,Car Dealers-Volkswagen,11.026877,76.10879,https://www.justdial.com/Malappuram/Phoenix-Cars-India-Pvt-Ltd/9999PX483.X483.180702064855.N4D1
Malappuram,Redrive Motors,+(91)-9606246029,,Chengana Bypass Road Manjeri Kla,Manjeri Kla,Second Hand Car Dealers-Ford,,11.1201309475,76.1217742328,https://www.justdial.com/Malappuram/Redrive-Motors/9999PX483.X483.140228192119.Y6L5
Malappuram,Renault Malappuram,+(91)-8527232886,,Highway 966 Makkaraparamba,Makkaraparamba,Car Dealers-Renault,Car Dealers-Renault,11.00846,76.1242931,https://www.justdial.com/Malappuram/Renault-Malappuram/9999PX483.X483.170606221206.U5I8
Malappuram,Rentowave,,,"Kozhikode,Mukkam",Mukkam,Second Hand Car Dealers,,11.3193979206,75.9956712676,https://www.justdial.com/Malappuram/Rentowave/0495PX495.X495.190227090014.B5H4
Malappuram,Royal Drive,+(91)-7356906060,,Melmuri,Melmuri,Second Hand Car Dealers-Chevrolet,,11.0590099,76.082406,https://www.justdial.com/Malappuram/Royal-Drive/9999PX483.X483.160630190348.M7H4
Malappuram,True Value - A M Motors,+(91)-9633999777,,Calicut Road Melmuri,Melmuri,Second Hand Car Dealers-Maruti Suzuki,,11.0600594,76.0811028,https://www.justdial.com/Malappuram/True-Value---A-M-Motors/9999PX494.X494.110126091411.M1L8
Malappuram,True Value Konompara,,,Melmuri Malappuram Downhill,Downhill,Second Hand Car Dealers,,11.0631311,76.0782935,https://www.justdial.com/Malappuram/True-Value-Konompara/9999PX483.X483.250320205533.Z1H7
Mumbai City,Auto Hanger,09223547085,,"Marathe Marg Prabhadevi, Mumbai","Prabhadevi, Mumbai",Car Dealers-Mercedes Benz,,19.012499900000,72.825188000000,https://www.justdial.com/Mumbai/Auto-Hanger
Mumbai City,Cars24,054039966,,"Mumbai Central, mumbai","Tardeo, Mumbai",Second Hand Car Dealers,,18.970615000000,72.820750000000,https://www.justdial.com/Mumbai/Cars24
Mumbai City,Colaba Auto Centre,845270090,,"Kidwai Road Matunga Matunga East, Mumbai","Matunga East, Mumbai",Second Hand Car Dealers,,19.025536111111,72.860625000000,https://www.justdial.com/Mumbai/Colaba-Auto-Centre
Mumbai City,K T S Automotors Pvt Ltd,,,"Ballard Estate, mumbai","Fort, Mumbai",Second Hand Car Dealers,,18.940289500000,72.838663000000,https://www.justdial.com/Mumbai/K-T-S-Automotors-Pvt-Ltd
Mumbai City,Metro Motors Auto Hangar India Pvt Ltd,09223595051,,"Hughes Road Grant Road, Mumbai","Gamdevi, Mumbai",Car Dealers,,18.956827300000,72.812843100000,https://www.justdial.com/Mumbai/Metro-Motors-Auto-Hangar-India-Pvt-Ltd
Mumbai City,Sobo Cars,09819084511,,"Warden Road Breach Candy, Mumbai","Cumballa Hill, Mumbai",Second Hand Car Dealers,,18.974631700000,72.806502300000,https://www.justdial.com/Mumbai/Sobo-Cars
Mumbai Suburban,4 Wheels,09820026136,,"Chikuwadi-Borivali West, mumbai","R/C Ward, Mumbai",Car Dealers,,19.219854644596,72.842442244650,https://www.justdial.com/Mumbai/4-Wheels
Mumbai Suburban,Anup Sharma,7487880852,,"Lokhandwala Complex-Andheri West, Mumbai","Jogeshwari West, Mumbai",Second Hand Car Dealers,,19.140790000000,72.828502100000,https://www.justdial.com/Mumbai/Anup-Sharma
Mumbai Suburban,Arihant Cars,08291764561,,"P K Road Mulund West, Mumbai","Mulund Colony, Mumbai",Second Hand Car Dealers,,19.167004600000,72.944325300000,https://www.justdial.com/Mumbai/Arihant-Cars
Mumbai Suburban,Asian Cars,8460277115,,"Link Road Borivali West, mumbai","R/C Ward, Mumbai",Second Hand Car Dealers,,19.226750700000,72.841121100000,https://www.justdial.com/Mumbai/Asian-Cars
Mumbai Suburban,Auto Haven,09892856262,,"New Link Road Andheri West, mumbai","Jogeshwari West, Mumbai",Second Hand Car Dealers,,19.138854000000,72.831254000000,https://www.justdial.com/Mumbai/Auto-Haven
Mumbai Suburban,Big Boy Toyz,09999999983,,"Teli Gali-Andheri East, Mumbai","Andheri East, Mumbai",Second Hand Car Dealers,,19.114432800000,72.850987900000,https://www.justdial.com/Mumbai/Big-Boy-Toyz
Mumbai Suburban,Broker Dalal Premium,07021697147,,"Azad Road Andheri East, Mumbai","Andheri East, Mumbai",Second Hand Car Dealers-Chevrolet,,19.121015700000,72.851900500000,https://www.justdial.com/Mumbai/Broker-Dalal-Premium
Mumbai Suburban,Car Craze Automorvel,09619761989,,"G Road Lane Ghatkopar East, Mumbai","Vidya Vihar East, Mumbai",Second Hand Car Dealers-Chevrolet,,19.081683600000,72.903381300000,https://www.justdial.com/Mumbai/Car-Craze-Automorvel
Mumbai Suburban,Carmart24,8511756921,,"Link Road Borivali West, mumbai","R/C Ward, Mumbai",Second Hand Car Dealers,,19.226300000000,72.841100000000,https://www.justdial.com/Mumbai/Carmart24
Mumbai Suburban,Cars Biz Automobile,8460279265,,"Deonar Village Govandi East, Mumbai","Govandi West, Mumbai",Second Hand Car Dealers,,19.052626200000,72.915770200000,https://www.justdial.com/Mumbai/Cars-Biz-Automobile
Mumbai Suburban,CARS24,08929506672,,"Ashok Kedare Chowk-Bhandup West, mumbai","Nahur, Mumbai",Second Hand Car Dealers,,19.158079000000,72.944642600000,https://www.justdial.com/Kasaragod/CARS24
Mumbai Suburban,Cars24 Elite,8401207506,,"Swami Vivekananda Road Khar West, mumbai","Khar, Mumbai",Second Hand Car Dealers,,19.070179000000,72.837755000000,https://www.justdial.com/Mumbai/Cars24-Elite
Mumbai Suburban,Crystal Carz,09769696958,,"Satya Nagar-Borivali West, Mumbai","R/C Ward, Mumbai",Car Dealers,,19.218272000000,72.842866000000,https://www.justdial.com/Mumbai/Crystal-Carz
Mumbai Suburban,Deals Wheel,725941872,,"Mahavir Nagar Kandivali West, mumbai","R/C Ward, Mumbai",Second Hand Car Dealers,,19.215157800000,72.840700200000,https://www.justdial.com/Mumbai/Deals-Wheel
Mumbai Suburban,Dream & Drive,72917759,,"No B 6 Andheri East, mumbai","Saki Naka, Mumbai",Second Hand Car Dealers,,19.114863000000,72.885179000000,https://www.justdial.com/Mumbai/Dream-&-Drive
Mumbai Suburban,Excel Cars,845168420,,"CST Road Kalina, Mumbai","Bandra Kurla Complex, Mumbai",Second Hand Car Dealers,,19.072619000000,72.867345000000,https://www.justdial.com/Mumbai/Excel-Cars
Mumbai Suburban,First And Last Choice,09870786319,,"Vivekananda Road Malad West, Mumbai","Bangur Nagar, Mumbai",Second Hand Car Dealers,,19.174334700000,72.841361300000,https://www.justdial.com/Mumbai/First-And-Last-Choice
Mumbai Suburban,Ibbu Motor,845254685,,"New Link Road Andheri West, Mumbai","Oshiwara, Mumbai",Second Hand Car Dealers,,19.143836972222,72.832077000000,https://www.justdial.com/Mumbai/Ibbu-Motor
Mumbai Suburban,Indiana Motors,845166521,,"Gazdhar Bandh Santacruz West, Mumbai","Khar, Mumbai",Second Hand Car Dealers,,19.079639800000,72.829172800000,https://www.justdial.com/Mumbai/Indiana-Motors
Mumbai Suburban,Mahindra First Choice Wheels Ltd,07290055255,,"B S Road Vikhroli West, Mumbai","Pirojsha Godrej Nagar, Mumbai",Second Hand Car Dealers,,19.108509500000,72.924511000000,https://www.justdial.com/Mumbai/Mahindra-First-Choice-Wheels-Ltd
Mumbai Suburban,Morya Cars Pvt Ltd,72267099,,"New Link Road Andheri West, Mumbai","Jogeshwari West, Mumbai",Second Hand Car Dealers-Audi,,19.135296600000,72.832458800000,https://www.justdial.com/Mumbai/Morya-Cars-Pvt-Ltd
Mumbai Suburban,Motor Deals,09930304912,,"Nahur West Mulund West, Mumbai","Nahur, Mumbai",Second Hand Car Dealers,,19.160375800000,72.945778200000,https://www.justdial.com/Mumbai/Motor-Deals
Mumbai Suburban,Motor Trade,07738668476,,"IC Colony Borivali West, mumbai","R/C Ward, Mumbai",Second Hand Car Dealers,,19.233086400000,72.840935600000,https://www.justdial.com/Mumbai/Motor-Trade
Mumbai Suburban,Real Value Cars Private Limited,7405914451,,"Link Road Borivali West, mumbai","Dahisar West, Mumbai",Second Hand Car Dealers-Honda,,19.246105555556,72.849869444444,https://www.justdial.com/Mumbai/Real-Value-Cars-Private-Limited
Mumbai Suburban,Sarakcars,09987623925,,"S. V. Road Jogeshwari West, Mumbai","Jogeshwari West, Mumbai",Car Dealers,,19.141558333333,72.842919444444,https://www.justdial.com/Mumbai/Sarakcars
Mumbai Suburban,Shreenath Hyundai,09324300617,,"New Link Road Andheri West, mumbai","Oshiwara, Mumbai",Second Hand Car Dealers,,19.147517222222,72.831214444444,https://www.justdial.com/Mumbai/Shreenath-Hyundai
Mumbai Suburban,Spinny Car Hub,8128831032,,"Thakur Village-kandivali East, mumbai","Thakur Village, Mumbai",Second Hand Car Dealers,,19.213979000000,72.871441000000,https://www.justdial.com/Mumbai/Spinny-Car-Hub
Mumbai Suburban,Star Auto India,72259380,,"Link Road Andheri East, Mumbai","Andheri East, Mumbai",Second Hand Car Dealers,,19.111217100000,72.865133100000,https://www.justdial.com/Mumbai/Star-Auto-India
Mumbai Suburban,Thinkarz,08080634444,,"New Link Road Malad West, mumbai","Malad West, Mumbai",Second Hand Car Dealers,,19.182315400000,72.836215900000,https://www.justdial.com/Mumbai/Thinkarz
Mumbai Suburban,Toyota U Trust,09167919177,,"Lbs Marg Kurla West, Mumbai","Ghatkopar West, Mumbai",Second Hand Car Dealers-Toyota,,19.085274700000,72.891739700000,https://www.justdial.com/Mumbai/Toyota-U-Trust
Mumbai Suburban,Truebil.com,07304402600,,"Kherani Road Andheri East, mumbai","Chandivali, Mumbai",Second Hand Car Dealers-Chevrolet,,19.106515500000,72.888882600000,https://www.justdial.com/Mumbai/Truebil.com
Mumbai Suburban,Turbo Cars,07021034949,,"Goregaon West, Mumbai","Goregaon West, Mumbai",Second Hand Car Dealers,,19.159179800000,72.843860400000,https://www.justdial.com/Mumbai/Turbo-Cars
Mumbai Suburban,Vighnaharta Motors,845251713,,"Sector 8 Charkop, Mumbai","R/C Ward, Mumbai",Second Hand Car Dealers-Ford,,19.215586000000,72.817749000000,https://www.justdial.com/Mumbai/Vighnaharta-Motors
Mumbai Suburban,Yash Motors,09820041232,,"7th Road Chembur East, Mumbai","Deonar, Mumbai",Second Hand Car Dealers,,19.046022700000,72.905011000000,https://www.justdial.com/Mumbai/Yash-Motors
Palakkad,A M Motors,+(91)-8929230835,,Road Cherpalcheri,Cherpalcheri,Car Dealers,,10.877892,76.308217,https://www.justdial.com/Palakkad/A-M-Motors/9999PX491.X491.180811000333.M6H1
Palakkad,A.M. Motors Pre-Owned Cars,+(91)-9567866906,,Kallekkad,Kallekkad,Second Hand Car Dealers,,10.771041666667,76.632233333333,https://www.justdial.com/Palakkad/A.M.-Motors-Pre-Owned-Cars/9999PX491.X491.240227190833.N1Y6
Palakkad,Am Wings Honda,+(91)-8086660036,,Kanniyampuram Ottapalam,Ottapalam,Car Dealers,Car Dealers,10.7734328,76.363649,https://www.justdial.com/Palakkad/Am-Wings-Honda/9999PX491.X491.170930121843.V9Y7
Palakkad,Amana Toyota,+(91)-8129555111,,NH 966 Mundur Palakkad,Mundur Palakkad,Car Dealers,Car Dealers,10.8300469,76.5867344,https://www.justdial.com/Palakkad/Amana-Toyota/9999PMULBLRSTD2016260
Palakkad,BIG-in CAR WASH & Detailing,+(91)-9724291685,,Pollachi Road Kollengode,Kollengode,Second Hand Car Dealers,,10.6130735,76.6997673,https://www.justdial.com/Palakkad/BIG-in-CAR-WASH-&-Detailing/9999PX491.X491.260105122644.S1D4
Palakkad,Driveus Cars,+(91)-8891652123,,Jainmedu Vadakkanthara,Vadakkanthara,Second Hand Car Dealers,,10.7849416,76.6405738,https://www.justdial.com/Palakkad/Driveus-Cars/9999PX491.X491.200124001225.G7X3
Palakkad,Gokul used bike showroom,+(91)-9037104385,,Vithunni Road Noorani,Noorani,Second Hand Car Dealers-Honda,,10.769241777778,76.643595194444,https://www.justdial.com/Palakkad/Gokul-used-bike-showroom/9999PX491.X491.171129160125.C9G8
Palakkad,Grand Motors,+(91)-8606302000,,2nd Mile Kallekkad,Kallekkad,Car Dealers,Car Dealers,10.7810464,76.6238239,https://www.justdial.com/Palakkad/Grand-Motors/9999PX491.X491.220920002523.I6F5
Palakkad,Incheon Kia,+(91)-7948224966,,Calicut Bypass Ramanathapuram,Ramanathapuram,Car Dealers,Car Dealers,10.7772112,76.6698916,https://www.justdial.com/Palakkad/Incheon-Kia/9999PX491.X491.230902032614.H6E2
Palakkad,Mahindra First Choice - Aito Cars,+(91)-8951394590,,Ottappalam Road Kallekkad,Kallekkad,Second Hand Car Dealers,,10.7826609,76.6213262,https://www.justdial.com/Palakkad/Mahindra-First-Choice---Aito-Cars/9999PX491.X491.240306161012.Q2F1
Palakkad,Popular Vehicles And Services Ltd,+(91)-9539007357,,Kazchaparamb Kinassery,Kinassery,Car Dealers,,10.7377646,76.6537826,https://www.justdial.com/Palakkad/Popular-Vehicles-And-Services-Ltd/9999PX491.X491.180424141551.Y4H5
Palakkad,Renault Palakkad,+(91)-8590948612,,Yakkara Post Kinassery,Kinassery,Car Dealers-Renault,Car Dealers-Renault,10.7350501,76.6789895,https://www.justdial.com/Palakkad/Renault-Palakkad/9999PX491.X491.170218110048.M7Y9
Palakkad,True Value - A M Motors Pvt Ltd,+(91)-7593008888,,Mele Pattambi,Mele Pattambi,Second Hand Car Dealers,,10.8060348,76.1991605,https://www.justdial.com/Palakkad/True-Value---A-M-Motors-Pvt-Ltd/9999PX491.X491.221123201904.Y5M6
Palghar,Bilal Motor's,724915850,,"National Highway Vasai East, mumbai",Vasai-Virar,Second Hand Car Dealers,,19.442901100000,72.880912400000,https://www.justdial.com/Mumbai/Bilal-Motor's
Palghar,N. S. Car Care,036686528,,"Ambadi Road Vasai West, Mumbai","Vasai Road, Vasai",Second Hand Car Dealers,,19.387363000000,72.826890000000,https://www.justdial.com/Mumbai/N.-S.-Car-Care
Palghar,Nexa Service Shivam Autozone,,,"Pelhar Road Nalasopara East, Mumbai","Dhaniv, Vasai-Virar",Second Hand Car Dealers,,19.433943800000,72.854169800000,https://www.justdial.com/Mumbai/Nexa-Service-Shivam-Autozone
Palghar,Sahani Car Zone,09850206534,,"Bhabola Road Vasai West, mumbai","Vasai, Vasai-Virar",Second Hand Car Dealers-Honda,,19.365571300000,72.814928300000,https://www.justdial.com/Mumbai/Sahani-Car-Zone
Palghar,Shree Krishna Motors,07666674444,,"Global City Virar West, mumbai","Virar East, Vasai-Virar",Second Hand Car Dealers-Chevrolet,,19.468681333333,72.804389944444,https://www.justdial.com/Mumbai/Shree-Krishna-Motors
Pathanamthitta,AVG Motors (Nexa Showroom),+(91)-9048190481,,Mc Road Perumthuruthy,Perumthuruthy,Car Dealers-Maruti Suzuki,Car Dealers-Maruti Suzuki,9.4204167,76.5466116,https://www.justdial.com/Pathanamthitta/AVG-Motors-(Nexa-Showroom)/9999PX468.X468.190213175817.N2V8
Pathanamthitta,Avg Motors Pvt Ltd,+(91)-9447137038,,Suzuki Arena Showroom Chittoor,Chittoor,Car Dealers-Maruti Suzuki,Car Dealers-Maruti Suzuki,9.2667267,76.7819317,https://www.justdial.com/Pathanamthitta/Avg-Motors-Pvt-Ltd/9999PMULBLRSTD1000029
Pathanamthitta,Crown Line Used Cars Aranmula,+(91)-9744550438,,Aranmula Edayarnmula,Edayarnmula,Second Hand Car Dealers,,9.318727,76.6838687,https://www.justdial.com/Pathanamthitta/Crown-Line-Used-Cars-Aranmula/9999PX468.X468.251017102358.M8K7
Pathanamthitta,Indus Motors,+(91)-9747541400,,Mallappally West,Mallappally West,Car Dealers,,9.4464907,76.6556759,https://www.justdial.com/Pathanamthitta/Indus-Motors/9999PX468.X468.171204165549.T8M2
Pathanamthitta,Indus Motors (Nexa Repair and Service),+(91)-9745997438,,Kumbazha Vettur Kumbazha,Vettur Kumbazha,Second Hand Car Dealers,,9.265774972222,76.804815,https://www.justdial.com/Pathanamthitta/Indus-Motors-(Nexa-Repair-and-Service)/9999PX468.X468.180620170527.T3K2
Pathanamthitta,Indus Motors Co Pvt Ltd.,+(91)-8401685011,,Kumbazha Kumbazhamuri,Kumbazhamuri,Car Dealers,Car Dealers,9.264751,76.805786,https://www.justdial.com/Pathanamthitta/Indus-Motors-Co-Pvt-Ltd./9999PX468.X468.240723075539.E5E8
Pathanamthitta,Kainikkara Motors - Car Workshop,+(91)-7034522666,,Vettur Kumbazha,Vettur Kumbazha,Second Hand Car Dealers,,9.2670387,76.8024132,https://www.justdial.com/Pathanamthitta/Kainikkara-Motors---Car-Workshop/9999PX468.X468.180524173520.Y4K8
Pathanamthitta,Ncs Automotives Pvt Ltd,+(91)-7799740066,,Thiruvalla Market Junction,Thiruvalla Market Junction,Car Dealers,Car Dealers,9.3835249,76.5690519,https://www.justdial.com/Pathanamthitta/Ncs-Automotives-Pvt-Ltd/9999PX468.X468.191228203254.G9V9
Pathanamthitta,Nippon Toyota,+(91)-8111886054,,Kozhencherry Road Churulicode,Churulicode,Car Dealers-Toyota,Car Dealers-Toyota,9.2742781,76.7643981,https://www.justdial.com/Pathanamthitta/Nippon-Toyota/9999PX468.X468.170113091449.M7N8
Pathanamthitta,Popular Used Cars,+(91)-8086078646,,Pandalam,Pandalam,Second Hand Car Dealers,,9.232234,76.675262,https://www.justdial.com/Pathanamthitta/Popular-Used-Cars/9999PX468.X468.171202113217.F1M5
Pathanamthitta,S S Motors,+(91)-9446302376,,M G Junction Enathu,Enathu,Car Dealers,,9.1034991,76.7493785,https://www.justdial.com/Pathanamthitta/S-S-Motors/9999PMULBLRSTD1005232
Pathanamthitta,T Sparsh Nippon Toyota,+(91)-9562086011,,Konny,Konny,Car Dealers,Car Dealers,9.2288875,76.8473415,https://www.justdial.com/Pathanamthitta/T-Sparsh-Nippon-Toyota/9999PX468.X468.260509000047.K7K6
Pathanamthitta,T V Sundaram Iyengar & Sons Ltd,+(91)-8527237785,,T K Road Chuttipara,Chuttipara,Car Dealers-Renault,Car Dealers-Renault,9.2678045,76.7744348,https://www.justdial.com/Pathanamthitta/T-V-Sundaram-Iyengar-&-Sons-Ltd/9999PX468.X468.210428173725.Y6T7
Pathanamthitta,Trinity Motors,+(91)-9987587983,,Mallappally East,Mallappally East,Second Hand Car Dealers,,9.445449,76.660109,https://www.justdial.com/Pathanamthitta/Trinity-Motors/9999PX468.X468.160424000207.R3M2
Pathanamthitta,Volkswagen Thiruvalla,+(91)-9633211377,,Mc Road Perumthuruthy,Perumthuruthy,Car Dealers-Volkswagen,Car Dealers-Volkswagen,9.4200985,76.5477495,https://www.justdial.com/Pathanamthitta/Volkswagen-Thiruvalla/9999PX469.X469.140528113250.V2P1
Raigad,Good Luck Cars,035544710,,"Sector 25 Panvel, mumbai",Panvel,Second Hand Car Dealers,,19.009577392915,73.100001654630,https://www.justdial.com/Thiruvananthapuram/Good-Luck-Cars
Raigad,Simran Motors Pvt Ltd,09223161473,,"Mumbai Goa Highway Vadkhal, Mumbai",Vadkhal,Second Hand Car Dealers,,18.715360300000,73.059030400000,https://www.justdial.com/Mumbai/Simran-Motors-Pvt-Ltd
Raigad,True Value - Excell Autovista Pvt Ltd,09209200071,,"Mumbai Pune Kharghar Sector 10, Mumbai","Kharghar, Panvel",Second Hand Car Dealers-Maruti Suzuki,,19.037560200000,73.074871500000,https://www.justdial.com/Mumbai/True-Value---Excell-Autovista-Pvt-Ltd
Raigad,True Value - My Car,08169588784,,"Panvel, Mumbai",Somatne,Second Hand Car Dealers-Maruti Suzuki,,18.968599500000,73.135762700000,https://www.justdial.com/Mumbai/True-Value---My-Car
Thane,47 Motors,,,"Mumbai,Padgha, mumbai",Padagha,Car Dealers,,19.362789200000,73.168765600000,https://www.justdial.com/Kannur/47-Motors
Thane,Automotive Manufacturers Pvt Ltd,09769206052,,"City Mall Dombivli East, Mumbai","Thakurli, Dombivali",Car Dealers,,19.213487000000,73.105983000000,https://www.justdial.com/Mumbai/Automotive-Manufacturers-Pvt-Ltd
Thane,Car Galaxy,8904583747,,"Service Road Thane West, Mumbai","Majiwada, Thane",Second Hand Car Dealers-Hyundai,,19.206970700000,72.972084200000,https://www.justdial.com/Mumbai/Car-Galaxy
Thane,Cars24 Hub,054324588,,"Nerul East Nerul, mumbai","Seawoods East, Navi Mumbai",Second Hand Car Dealers,,19.021485100000,73.021054600000,https://www.justdial.com/Mumbai/Cars24-Hub
Thane,Ecs Multi Services,845233734,,"Hiranandani Estate-Thane West, Mumbai","Hiranandani Estate, Thane",Second Hand Car Dealers,,19.259137200000,72.984440100000,https://www.justdial.com/Mumbai/Ecs-Multi-Services
Thane,Mahindra First Choice,09820076614,,"wheels pvt ltd Thane West, Mumbai","Majiwada, Thane",Second Hand Car Dealers,,19.211223900000,72.976492200000,https://www.justdial.com/Mumbai/Mahindra-First-Choice
Thane,Modi Motors Agencies Pvt Ltd,07874747443,,"Naupada-Thane West, Mumbai","Panch Pakadi, Thane",Car Dealers,,19.196763000000,72.963092000000,https://www.justdial.com/Mumbai/Modi-Motors-Agencies-Pvt-Ltd
Thane,Ms Farzana,08652237025,,"Kalyan Shil Road Palava City, Mumbai","Sagaon, Kalyan-Dombivli",Second Hand Car Dealers-Toyota,,19.175023300000,73.085875600000,https://www.justdial.com/Mumbai/Ms-Farzana
Thane,Prakash Auto Pvt Ltd,036655794,,"Station Ulhasnagar No 3, Mumbai",Ulhasnagar,Car Dealers,,19.226104000000,73.153086000000,https://www.justdial.com/Mumbai/Prakash-Auto-Pvt-Ltd
Thane,Sai Cars,7048803183,,"Goveli Road Titwala, mumbai",Titwala,Second Hand Car Dealers,,19.299299500000,73.222661300000,https://www.justdial.com/Mumbai/Sai-Cars
Thane,Shivam Autozone (India) Pvt Ltd,8511321070,,"Mira Bhayandar Mira Road East, mumbai","Mira, Mira-Bhayander",Second Hand Car Dealers,,19.293924000000,72.859932000000,https://www.justdial.com/Mumbai/Shivam-Autozone-(India)-Pvt-Ltd
Thane,Shree Shyam Auto,7942773990,,"Sanpada, mumbai","Sanpada, Navi Mumbai",Second Hand Car Dealers,,19.063626100000,73.003457400000,https://www.justdial.com/Mumbai/Shree-Shyam-Auto
Thane,Speed Wheel Cars & Finance,09820951381,,"Kopri Colony-Thane East, Mumbai","Panch Pakadi, Thane",Second Hand Car Dealers,,19.195743900000,72.961950000000,https://www.justdial.com/Mumbai/Speed-Wheel-Cars-&-Finance
Thane,Star Auto Windshield,8123620575,,"Vico Naka Dombivli East, Mumbai","Thakurli, Dombivali",Car Dealers,,19.210577777778,73.112511111111,https://www.justdial.com/Mumbai/Star-Auto-Windshield
Thane,Suri Auto Zone,7487902412,,"Sector 26 A Vashi, Mumbai","Turbhe, Navi Mumbai",Second Hand Car Dealers,,19.079666944444,73.004737777778,https://www.justdial.com/Mumbai/Suri-Auto-Zone
Thane,Tejas Motors,09869238872,,"Shree Datta Krupa Housing Society, Eastern Express Service Road, Thane West, Thane - 400601 (Opposite Vivyana Mall, Near Lerida Hotel)","Majiwada, Thane",Second Hand Car Dealers,,19.2082349722,72.9728149722,https://www.justdial.com/Mumbai/Tejas-Motors
Thane,Three Star Automobiles,8460223340,,"Maharaj Chowk Kalyan West, mumbai",Ambivali,Second Hand Car Dealers,,19.256986111111,73.134558333333,https://www.justdial.com/Mumbai/Three-Star-Automobiles
Thane,Trendz Cars,72344402,,"Sec 30a Vashi, Mumbai","Sanpada, Navi Mumbai",Second Hand Car Dealers,,19.065219500000,73.002405000000,https://www.justdial.com/Mumbai/Trendz-Cars
Thane,True Value - Aher Autoprime Llp,08291568289,,"Kalyanmurbad Road Kalyan West, Mumbai",Ulhasnagar,Second Hand Car Dealers-Maruti Suzuki,,19.247012000000,73.173665000000,https://www.justdial.com/Mumbai/True-Value---Aher-Autoprime-Llp
Thane,True Value - Automotive Manufacturers Ltd,08879694489,,"Mumbai Pune Highway Nerul, Mumbai","Nerul East, Navi Mumbai",Second Hand Car Dealers-Maruti Suzuki,,19.046360300000,73.030230100000,https://www.justdial.com/Mumbai/True-Value---Automotive-Manufacturers-Ltd
Thane,Wadhwa Motors,07045405111,,"Not Road No-2 thane west, Mumbai","Majiwada, Thane",Second Hand Car Dealers,,19.214927800000,72.981825100000,https://www.justdial.com/Mumbai/Wadhwa-Motors
Thiruvananthapuram,Aadhi Auto Consulting,+(91)-9496181815,,"Thiruvananthapuram,Ooruttambalam",Ooruttambalam,Second Hand Car Dealers,,8.458736111111,77.059722222222,https://www.justdial.com/Thiruvananthapuram/Aadhi-Auto-Consulting/0471PX471.X471.180705153901.G8Q7
Thiruvananthapuram,Auto Cars Varkala,+(91)-7411833165,,Vmc117 Varkala,Varkala,Car Dealers,Car Dealers,8.7319477,76.7412437,https://www.justdial.com/Thiruvananthapuram/Auto-Cars-Varkala/0471PX471.X471.211222145149.Q3E6
Thiruvananthapuram,Autonation Pre Owned Cars,+(91)-9972369896,,Venpalavattom Karikkakom,Karikkakom,Second Hand Car Dealers,,8.5080455,76.9064949,https://www.justdial.com/Thiruvananthapuram/Autonation-Pre-Owned-Cars/0471PX471.X471.250331070049.G8T3
Thiruvananthapuram,BoSS Auto Consult,+(91)-9544002020,,"Thiruvananthapuram,Balaramapuram",Balaramapuram,Second Hand Car Dealers-Chevrolet,,8.422512027778,77.049468972222,https://www.justdial.com/Thiruvananthapuram/BoSS-Auto-Consult/0471PX471.X471.190216124718.W3L6
Thiruvananthapuram,Car Choice,+(91)-9961011267,,"Thiruvananthapuram,Pallichal",Pallichal,Second Hand Car Dealers-Chevrolet,,8.441046,77.018225,https://www.justdial.com/Thiruvananthapuram/Car-Choice/0471PX471.X471.180105121135.S4X5
Thiruvananthapuram,Car Hut Pre-Owned Cars,,,"Thiruvananthapuram,Pullannimukku",Pullannimukku,Second Hand Car Dealers,,8.4090585,77.0155048,https://www.justdial.com/Thiruvananthapuram/Car-Hut-Pre-Owned-Cars/0471PX471.X471.260103233527.P8D6
Thiruvananthapuram,Genuine Cars,+(91)-9447055822,,Kesavadasapuram,Kesavadasapuram,Second Hand Car Dealers-Chevrolet,,8.5290053,76.9349024,https://www.justdial.com/Thiruvananthapuram/Genuine-Cars/0471PX471.X471.000398148617.N6Y7
Thiruvananthapuram,Harry Ford,07815004171,,"Kurvankonam Kowdiar, Thiruvananthapuram","Kowdiar, Thiruvananthapuram",Car Dealers-Ford,,8.525501700000,76.954715700000,https://www.justdial.com/Thiruvananthapuram/Harry-Ford
Thiruvananthapuram,Indus Motors,+(91)-7383618162,,Pattom Kesavadasapuram Rd Pattom,Pattom,Car Dealers,Car Dealers,8.5170908,76.9437122,https://www.justdial.com/Thiruvananthapuram/Indus-Motors/0471PX471.X471.221001141805.B1L7
Thiruvananthapuram,Indus Motors (Nexa Repair and Service),+(91)-8589820000,,Vattappara,Vattappara,Car Dealers,,8.5827661,76.9464516,https://www.justdial.com/Thiruvananthapuram/Indus-Motors-(Nexa-Repair-and-Service)/0471PX471.X471.180927074409.X4Q6
Thiruvananthapuram,Indus Motors Pvt Ltd,+(91)-8460307407,,Palace Road Pattom,Pattom,Car Dealers,Car Dealers,8.5171095,76.943706399722,https://www.justdial.com/Thiruvananthapuram/Indus-Motors-Pvt-Ltd/0471PX471.X471.260105111223.K4M7
Thiruvananthapuram,Kallingal Bajaj Service Station,+(91)-9605014441,,Pazhakutty Road Nedumangadu,Nedumangadu,Car Dealers,Car Dealers,8.6087965,77.0049977,https://www.justdial.com/Thiruvananthapuram/Kallingal-Bajaj-Service-Station/0471PX471.X471.171202135731.N2P8
Thiruvananthapuram,Marikar Nissan,+(91)-8606909388,,Chakkai Bye Pass Anayara,Anayara,Car Dealers-Nissan,,8.5064852,76.9086638,https://www.justdial.com/Thiruvananthapuram/Marikar-Nissan/0471PX471.X471.170925112322.R1K5
Thiruvananthapuram,Moto Cross,+(91)-9567804739,,"Thiruvananthapuram,Kaakkamoola",Kaakkamoola,Second Hand Car Dealers,,8.4172755,77.0207278,https://www.justdial.com/Thiruvananthapuram/Moto-Cross/0471PX471.X471.180207163115.V5G1
Thiruvananthapuram,Popular Hyundai,+(91)-9895882200,,Industrial Estate,Industrial Estate,Car Dealers,Car Dealers,8.4648821,76.9904974,https://www.justdial.com/Thiruvananthapuram/Popular-Hyundai/0471PX471.X471.180827104154.V6P1
Thiruvananthapuram,Popular Vehicles & Services,+(91)-8589992443,,Poovar Road Balaramapuram,Balaramapuram,Second Hand Car Dealers,,8.4151534,77.0510908,https://www.justdial.com/Thiruvananthapuram/Popular-Vehicles-&-Services/0471PX471.X471.180126001952.D2C4
Thiruvananthapuram,Rjm Cars,+(91)-8129716867,,Enchakkal Road Manacaud,Manacaud,Second Hand Car Dealers,,8.4789446,76.9411082,https://www.justdial.com/Thiruvananthapuram/Rjm-Cars/0471PX471.X471.240610204534.B3F2
Thiruvananthapuram,Royal Car Choice,+(91)-9605104761,,"Thiruvananthapuram,Pallichal",Pallichal,Second Hand Car Dealers,,8.4406786,77.0183154,https://www.justdial.com/Thiruvananthapuram/Royal-Car-Choice/0471PX471.X471.230517224647.Z5C9
Thiruvananthapuram,Sarathy Autodrives Pvt.ltd,+(91)-8460193525,,Attingal,Attingal,Car Dealers,Car Dealers,8.6867236,76.8246294,https://www.justdial.com/Thiruvananthapuram/Sarathy-Autodrives-Pvt.ltd/0471PX471.X471.240405153130.N6H9
Thiruvananthapuram,Sleeba & Sons Automotive Pvt Ltd,+(91)-7306565656,,Kallayam Road Peroorkkada,Peroorkkada,Car Dealers,Car Dealers,8.544847972222,76.972218972222,https://www.justdial.com/Thiruvananthapuram/Sleeba-&-Sons-Automotive-Pvt-Ltd/0471PX471.X471.191114031459.Y9S1
Thiruvananthapuram,Super Drive Pre-Owned Cars,+(91)-9656777126,,"Thiruvananthapuram,Thiruvallam",Thiruvallam,Second Hand Car Dealers,,8.4319453,76.9600675,https://www.justdial.com/Thiruvananthapuram/Super-Drive-Pre-Owned-Cars/0471PX471.X471.240306020405.Z7C6
Thiruvananthapuram,Tata Motors Showroom,07045238767,,"Venpalavattom Bye Pass Anayara, thiruvananthapuram","Anayara, Thiruvananthapuram",Car Dealers-Tata (Authorised),,8.505703100000,76.908625000000,https://www.justdial.com/Thiruvananthapuram/Tata-Motors-Showroom
Thiruvananthapuram,Trivandrum Motors Pvt Ltd,09207711020,,"Anayara, thiruvananthapuram","Chacka, Thiruvananthapuram",Car Dealers,,8.499586100000,76.916101000000,https://www.justdial.com/Thiruvananthapuram/Trivandrum-Motors-Pvt-Ltd
Thiruvananthapuram,True Value,,,"Thiruvananthapuram,Thiruvallam Junction",Thiruvallam Junction,Second Hand Car Dealers-Maruti Suzuki,,8.439018,76.956273,https://www.justdial.com/Thiruvananthapuram/True-Value/0471PX471.X471.220520000735.Y2F2
Thiruvananthapuram,True Value - Indus Motors Company Pvt Ltd,+(91)-9745997853,,"Thiruvananthapuram,Thiruvallam Junction",Thiruvallam Junction,Second Hand Car Dealers,,8.4390183,76.9562726,https://www.justdial.com/Thiruvananthapuram/True-Value---Indus-Motors-Company-Pvt-Ltd/0471PX471.X471.220401230853.Y7M1
Thiruvananthapuram,True Value - Popular Vehicles & Services Pvt Ltd,+(91)-9846498601,,Venjaramoodu Road Mannanathala,Mannanathala,Second Hand Car Dealers-Maruti Suzuki,,8.5645374,76.9438348,https://www.justdial.com/Thiruvananthapuram/True-Value---Popular-Vehicles-&-Services-Pvt-Ltd/0471PX471.X471.190823075703.I5P2
Thiruvananthapuram,Trust N' Drive Pre-Owned Cars,+(91)-7736613828,,Kattaikonam Pothencode,Pothencode,Second Hand Car Dealers,,8.595944444444,76.888527777778,https://www.justdial.com/Thiruvananthapuram/Trust-N'-Drive-Pre-Owned-Cars/0471PX471.X471.231204232959.P5S5
Thiruvananthapuram,Volkswagen Showroom,+(91)-9995481202,,N H Bye Pass Anayara,Anayara,Car Dealers-Volkswagen,Car Dealers-Volkswagen,8.5087012,76.9046573,https://www.justdial.com/Thiruvananthapuram/Volkswagen-Showroom/0471PX471.X471.110318222952.J8F1
Thiruvananthapuram,X Drive Pre Owned Cars Llp,+(91)-9656955588,,Bypass Road Kulathoor,Kulathoor,Second Hand Car Dealers,,8.534515556491,76.881452296904,https://www.justdial.com/Thiruvananthapuram/X-Drive-Pre-Owned-Cars-Llp/0471PX471.X471.230101223723.C8E9
Thrissur,A.M. Motors Pre-Owned Cars,+(91)-9995806099,,Thrissur Road Ollukkara,Ollukkara,Second Hand Car Dealers,,10.522790888889,76.24609375,https://www.justdial.com/Thrissur/A.M.-Motors-Pre-Owned-Cars/9999PX487.X487.240405111041.W8M7
Thrissur,BRD LUXE,+(91)-8943077777,,NH BYPASS ROAD Konikara,Konikara,Second Hand Car Dealers,,10.45969,76.2583581,https://www.justdial.com/Thrissur/BRD-LUXE/9999PX487.X487.221019101211.B1G8
Thrissur,Capital Pre Owned Cars,+(91)-9846672222,,Road-Punkunnu Punkunnu,Punkunnu,Second Hand Car Dealers,,10.535594,76.2007857,https://www.justdial.com/Thrissur/Capital-Pre-Owned-Cars/9999PX487.X487.200616130621.U4K2
Thrissur,Car Club Exotic,+(91)-7902870000,,Service road thalore,thalore,Second Hand Car Dealers,,10.465007777778,76.257647777778,https://www.justdial.com/Thrissur/Car-Club-Exotic/9999PX487.X487.210122115410.K6Z9
Thrissur,Grand Bajaj,+(91)-8593011188,,Guruvayur Road Punkunnu,Punkunnu,Car Dealers,Car Dealers,10.537251204952,76.198633929183,https://www.justdial.com/Thrissur/Grand-Bajaj/9999PX487.X487.180820234119.U2P1
Thrissur,Johns Honda Cars,+(91)-8657588912,,Shornur Road Viyyur,Viyyur,Car Dealers,,10.559141666667,76.216044444444,https://www.justdial.com/Thrissur/Johns-Honda-Cars/9999PX487.X487.181208115631.R4D3
Thrissur,Kia Motors,,,Marathakkara,Marathakkara,Car Dealers,Car Dealers,10.4802775,76.2574834,https://www.justdial.com/Thrissur/Kia-Motors/9999PX487.X487.221230003411.F5U9
Thrissur,Mahindra Eram Motors Pvt Ltd,+(91)-9388396040,,Pullut,Pullut,Car Dealers,,10.2491289,76.2063945,https://www.justdial.com/Thrissur/Mahindra-Eram-Motors-Pvt-Ltd/9999PX487.X487.180301213823.S7H3
Thrissur,Phoenix Cars India Pvt Ltd,+(91)-9526202070,,NH 47 Mannuthy,Mannuthy,Car Dealers,Car Dealers,10.529951,76.2656426369,https://www.justdial.com/Thrissur/Phoenix-Cars-India-Pvt-Ltd/9999PX487.X487.170630173838.T3W3
Thrissur,Popular Vehicles & Services,+(91)-9567599999,,Tuda Road Thiruvambady Tsr,Thiruvambady Tsr,Second Hand Car Dealers,,10.5425446,76.2140439,https://www.justdial.com/Thrissur/Popular-Vehicles-&-Services/9999PX487.X487.110329101839.U9S7
Thrissur,Tata Motors Showroom,+(91)-7045239726,,Puzhakkal Padam Punkunnu,Punkunnu,Car Dealers-Tata,Car Dealers-Tata,10.5407324,76.1896035,https://www.justdial.com/Thrissur/Tata-Motors-Showroom/9999PMULBLRSTD1005225
Thrissur,Team Ralliart,+(91)-9035586730,,Padakulam Kodungallur,Kodungallur,Second Hand Car Dealers,,10.2203620272,76.1972405948,https://www.justdial.com/Thrissur/Team-Ralliart/9999PX487.X487.181030122425.C8G5
Thrissur,True Value - Popular Vehicles & Services Pvt Ltd,+(91)-9946104670,,Mannuthy Road Ollukkara,Ollukkara,Second Hand Car Dealers-Maruti Suzuki,,10.5269703,76.254404,https://www.justdial.com/Thrissur/True-Value---Popular-Vehicles-&-Services-Pvt-Ltd/9999PX487.X487.190610202128.H3C3
Udupi,Car Bazar,09845272341,,"Udupi,Eshwar Nagar, Udupi",Manipal,Second Hand Car Dealers-Chevrolet,,13.351366666667,74.786641666667,https://www.justdial.com/Thiruvananthapuram/Car-Bazar
Udupi,Car Bazzar,8401925649,,"Udupi,Tiger Circle, Udupi",Manipal,Second Hand Car Dealers,,13.351580800000,74.786757000000,https://www.justdial.com/Thiruvananthapuram/Car-Bazzar
Wayanad,Amana Toyota,+(91)-8129497224,,NH 766 Kakka Vayal,Kakka Vayal,Car Dealers,Car Dealers,11.649443611111,76.129669166667,https://www.justdial.com/Wayanad/Amana-Toyota/9999P4936.4936.140303161732.W3M6
Wayanad,Auto Venture The Car Club Kalpetta,,,North Kalpetta Kainatty,Kainatty,Second Hand Car Dealers,,11.6360021,76.0885011,https://www.justdial.com/Wayanad/Auto-Venture-The-Car-Club-Kalpetta/9999P4936.4936.251208143705.M7L9
Wayanad,Basheer High Way Used Cars Bikes,+(91)-9495547991,,Chithragiri Vaduvanchal,Vaduvanchal,Second Hand Car Dealers,,11.5474461,76.2280238,https://www.justdial.com/Wayanad/Basheer-High-Way-Used-Cars-Bikes/9999P4936.4936.180117144715.S6Q5
Wayanad,Classic Hyundai,+(91)-8547641821,,Muttil,Muttil,Car Dealers-Hyundai,Car Dealers-Hyundai,11.645649888889,76.114250166667,https://www.justdial.com/Wayanad/Classic-Hyundai/9999P4936.4936.170120074650.A9H4
Wayanad,Green Motors,+(91)-8460302725,,Sulthan Bathery Sulthan Bathery,Sulthan Bathery,Second Hand Car Dealers,,11.659975,76.243936111111,https://www.justdial.com/Wayanad/Green-Motors/9999P4936.4936.190429122512.P2W1
Wayanad,Ilu Used Cars,+(91)-9447251052,,College Road Sulthan Bathery,Sulthan Bathery,Second Hand Car Dealers,,11.668431833333,76.263804833333,https://www.justdial.com/Wayanad/Ilu-Used-Cars/9999P4936.4936.220412164239.A2G5
Wayanad,Life On Wheels,+(91)-9847889613,,Main Road Variyad Muttil,Muttil,Second Hand Car Dealers,,11.6411731,76.1126058,https://www.justdial.com/Wayanad/Life-On-Wheels/9999P4936.4936.190927105013.Z5B6
Wayanad,Mahindra First Choice Wheels Ltd,+(91)-9930565555,,Kakka Vayal,Kakka Vayal,Second Hand Car Dealers,,11.6441067,76.1406925,https://www.justdial.com/Wayanad/Mahindra-First-Choice-Wheels-Ltd/9999P4936.4936.170928004808.F8P7
Wayanad,Nipples Mom Knows BEST,+(91)-8960442200,,SULTAN BATHERY Sulthan Bathery,Sulthan Bathery,Baby Car Dealers,Baby Car Dealers,11.6605361,76.256003,https://www.justdial.com/Wayanad/Nipples-Mom-Knows-BEST/9999P4936.4936.220523123512.I4Q7
Wayanad,Popular Vehicles & Services Pvt Ltd,+(91)-7306112802,,Road Pathiripalam Krishna Giri,Krishna Giri,Car Dealers,,11.6630001,76.1978921,https://www.justdial.com/Wayanad/Popular-Vehicles-&-Services-Pvt-Ltd/9999P4936.4936.190610202251.A8X9
Wayanad,Regional Used Cars & Regional Driving School,+(91)-8606116174,,Dhottapenkulam Sulthan Bathery,Sulthan Bathery,Second Hand Car Dealers,,11.6599178,76.2436379,https://www.justdial.com/Wayanad/Regional-Used-Cars-&-Regional-Driving-School/9999P4936.4936.220511123544.R1M8
Wayanad,SAI Service,+(91)-8129496866,,Mysore Road Kalpetta,Kalpetta,Car Dealers,,11.617357,76.075806,https://www.justdial.com/Wayanad/SAI-Service/9999P4936.4936.140515143816.N4V4
Wayanad,Smart Solutions,+(91)-7907687307,,CHUNGAM Sulthan Bathery,Sulthan Bathery,Second Hand Car Dealers-Ford,,11.6654857,76.2625755,https://www.justdial.com/Wayanad/Smart-Solutions/9999P4936.4936.200212175605.U9L6
Wayanad,Tata Motors Showroom,+(91)-9544303040,,Kalpetta North,Kalpetta North,Car Dealers-Tata,Car Dealers-Tata,11.637404,76.094538,https://www.justdial.com/Wayanad/Tata-Motors-Showroom/9999P4936.4936.130712151259.K6Y5
Wayanad,Tvs Mobility Pvt Ltd,+(91)-8448488298,,Nh212 Kakka Vayal,Kakka Vayal,Car Dealers,Car Dealers,11.6492688,76.1305,https://www.justdial.com/Wayanad/Tvs-Mobility-Pvt-Ltd/9999P4936.4936.230718094316.A1D5
Wayanad,Vision Honda,+(91)-8606945105,,Kakka Vayal,Kakka Vayal,Car Dealers,Car Dealers,11.6496152,76.1379907,https://www.justdial.com/Wayanad/Vision-Honda/9999P4936.4936.191113224827.J1K4
